{
  "rock": [
    "lDK9QqIzhwk",
    "1w7OgIMMRc4",
    "rMbATaj7Il8",
    "X9bOsdHckhg",
    "diKz9udywg4",
    "sfR_HWMzgyc",
    "btPJPFnesV4",
    "hTWKbfoikeg",
    "ye5BuYf8q4o",
    "9SKFwtgUJHs",
    "qKggnBh2Mdw",
    "-tJYN-eG1zk",
    "JkhX5W7JoWI",
    "eqCHNuPWeKE",
    "T2PAkPp0_bY",
    "2X_2IdybTV0",
    "1cQh1ccqu8M",
    "76RbWuFll0Y",
    "Vppbdf-qtGU",
    "ljvFK-S2RZc",
    "WISogScYNXA",
    "Qq4j1LtCdww",
    "9f06QZCVUHg",
    "tM0sTNtWDiI",
    "ZNQDIIg7nRo",
    "EGikhmjTSZI",
    "jpkGvk1rQBI",
    "02QUmKVsyFY",
    "1IdEhvuNxV8",
    "WPgur4XVgrE",
    "9Ht5RZpzPqw",
    "0J2QdDbelmY",
    "x-64CaD8GXw",
    "IouG22RzOmg",
    "2lg_k1SwrQ0",
    "K5_EBAzIPJM",
    "qRKNw477onU",
    "QhJ6bE4z5vs",
    "EqQuihD0hoI",
    "x2KRpRMSu4g",
    "Th3ycKQV_4k",
    "sMmTkKz60W8",
    "Pn2-b_opVTo",
    "MytspBXUqgs",
    "TSwaVvF7rdU",
    "EaKDOYTZbJg",
    "GcCNcgoyG_0",
    "gj0Rz-uP4Mk",
    "wFWDGTVYqE8",
    "Jbt8oH5Lxto"
  ],
  "rap": [
    "41qC3w3UUkU",
    "_JZom_gVfuw",
    "hI8A14Qcv68",
    "8GliyDgAGQI",
    "PobrSpMwKk4",
    "yoYZf-lBF_U",
    "rKTUAESacQM",
    "E7t8eoA_1jQ",
    "R0IUR4gkPIE",
    "_Yhyp-_hX2s",
    "qggxTtnKTMo",
    "xbJxcFyaCpI",
    "fWCZse1iwE0",
    "fPO76Jlnz6c",
    "SHVzWMFMH6Y",
    "qZuxPKUVGiw",
    "h4UqMyldS7Q",
    "eXvBjCO19QY",
    "1O3sbUbysu0",
    "mmo3HFa2vjg",
    "1plPyJdXKIY",
    "l-O5IHVhWj0",
    "HjNTu8jdukA",
    "-8dyp89uWxA",
    "OjHX7jf-znA",
    "VMYAEHE2GrM",
    "N6XhzXB3oY8",
    "1QWEPdgS3As",
    "TMZi25Pq3T8",
    "PBwAxmrE194",
    "2soGJXQAQec",
    "aIXyKmElvv8",
    "tub7EoRBwO0",
    "_CL6n0FJZpk",
    "7Xue-dOOLiY",
    "uvb-1wjAtk4",
    "y9lNbNGbo24",
    "WWMjRMJ0dTI",
    "Op9Ml7pS6uA",
    "NKMtZm2YuBE",
    "hIq4UTgqDAc",
    "Q6TLWqn82J4",
    "r0Sy4twXSn0",
    "xBCOe0J4ynk",
    "h1vKOchATXs",
    "FPoKiGQzbSQ",
    "AiwvPmRTv6M",
    "jdtKT5q-CW8",
    "RijB8wnJCN0",
    "iOKMWSR2Aio"
  ],
  "fallout": [
    "MreKzYQ9uxc",
    "9aq9gxTBUl8",
    "Vf7xfM1FeKM",
    "eKTt2PoY6hQ",
    "FzHQ7sCBlrQ",
    "dVmxvBRF8sQ",
    "PUs2_9Fhcj4",
    "PtlcDvqpV5w",
    "n_mM3kz6b3o",
    "usezOk4XF8E",
    "nHPSa5wYK_o",
    "wV9qO9mlB9c",
    "n4lEsyhMOH8",
    "kYq0xP0TiOQ",
    "wJpaetmUcNE",
    "JIVbxBqaOv4",
    "tG4ZWFuDpKs",
    "QQo-M65Q6Mk",
    "7sUSG6LZQTc",
    "DNm6Pph2Abc",
    "RB_MAFxo2Bc",
    "iJx4L2al_84",
    "k4VWNm-fgmQ",
    "q0NlGgsYAe0",
    "lNFMpoKp2mI",
    "EWGWIxmrZeA",
    "JebrRTJgXTY",
    "VKs2MEV_Cak",
    "EO7Ejrsq6NQ",
    "8sQHLsARh_o",
    "USr9WeFSlmw",
    "YFEAcV_zOww",
    "V-_GTHGokzw",
    "SdHdtEnaFxY",
    "TcQqVAlkNIA",
    "AlrzwZpFPyE",
    "GCfMTqGDlaE",
    "_zU-YkBkYNY",
    "GXcOv2FIxe8",
    "xSlJDqfk2tg",
    "FVUOYtk09fs",
    "c0-AadfYmes",
    "A0T5eKynQOc",
    "621IL0joKII",
    "OAZx4FW-zSU",
    "7BCGAQbNVNE",
    "UYx4tZVSUuo",
    "KnA7SQMl7WM"
  ],

  "adminFavs": [
    "VTAKgw3JDsI",
    "wnEWJOflw0Q",
    "91GTuZWCQmY",
    "aFkcAH-m9W0",
    "whf-enpiryc",
    "0sRTiq3VpcU",
    "-ry_-u8FFVg",
    "MR3uP7IYz44",
    "XT8fiaJ7suA",
    "ha6VYzbuGMo",
    "GeiQTuH5Azo",
    "-Fp0aTedjwI",
    "NMRhx71bGo4",
    "RDvGtaDvhSxaI",
    "Iy-dJwHVX84",
    "mY3nkXudSgQ"
  ],

  "country": [
    "TTA2buWlNyM",
    "DmI9qS2gZf8",
    "HbHj_pFsdDY",
    "yCnOxCzq-Y8",
    "Du6vouSHoSs",
    "vDdy3W8VaDI",
    "-9ZoH5OXFf8",
    "XKXlyEOkFF8",
    "gDuw3D3mWjI",
    "4WgUR3XXIgk",
    "26k8UXg19ik",
    "GM-GT6u53us",
    "O5IPuj3PLpQ",
    "s0ARFmX8ORo",
    "eTF_hOvCf0Q",
    "yLmakdHyFPQ",
    "1p8ZHxkP5e4",
    "HQdu2vuGVt4",
    "kExMUNzPSDU",
    "hwdpGVx65oo",
    "XWUvtkl63PM",
    "ZC5iBObLFUc",
    "bu6PMVewugU",
    "VmkSFcFqPrI",
    "_wqZ2RUC3uU",
    "82qjOoFeKnc",
    "t_5d_W1kKps",
    "gUYE_qYeDYU",
    "YexZCFEAPgw",
    "w6roXw96LBs",
    "oks-pRoBcRs",
    "CDHYhfUu2Fg",
    "DyQVCaDJCzg",
    "0_EXrOvgfGE",
    "Bu81OR4GdZk",
    "c-sdqV-tvO0",
    "YWcDNtaVD2U",
    "2v28s19qNKA",
    "3Is3RSFAP-I"
  ],
  "mix": [
    "fJ9rUzIMcZQ",
    "0J2QdDbelmY",
    "hTWKbfoikeg",
    "bd2B6SjMh_w",
    "FC3y9llDXuM",
    "aSLZFdqwh7E",
    "WpYeekQkAdc",
    "hO2wA0Te0wM",
    "S09F5MejfBE",
    "Zi_XLOBDo_Y",
    "sOnqjkJTMaA",
    "dsUXAEzaC3Q",
    "PivWY9wn5ps",
    "OMOGaugKpzs",
    "UfmkgQRmmeE",
    "QWjDZkY1ILU",
    "ZNahS3OHPwA",
    "SBmAPYkPeYU",
    "6366dxFf-Os",
    "ngzC_8zqInk",
    "bpOSxM0rNPM",
    "1w7OgIMMRc4",
    "btPJPFnesV4",
    "3JWTaaS7LdU",
    "D7TPxA5sp4I",
    "co6WMzDOh1o",
    "LHcP4MWABGY",
    "w8KQmps-Sog",
    "Pgum6OT_VH8",
    "Xsp3_a-PMTw",
    "O2IuJPh6h_A",
    "Edwsf-8F3sI",
    "Soa3gO7tL-c",
    "NU9JoFKlaZ0",
    "A1OqtIqzScI",
    "Ee_uujKuJMI",
    "agVpq_XXRmU",
    "Gw09tAcNB0Q",
    "3YxaaGgTQYM",
    "4B_UYYPb-Gk",
    "Cwkej79U3ek",
    "9UBaGs8Jo14",
    "1lyu1KKwC74",
    "dvgZkm1xWPE",
    "UAWcs5H-qgQ",
    "2fngvQS_PmQ",
    "ZXvzzTICvJs",
    "fm0T7_SGee4",
    "sEXHeTcxQy4",
    "o1oKBbReaOs"
  ]
}